Order_ID,Date,Product,Category,Store,Quantity,Unit_Price,Total_Sales,Payment_Method,Month
R0001,2025-09-28,Tablet,Electronics,Madurai,4,1360,5440,Cash,September
R0002,2025-08-03,Mouse,Accessories,Madurai,2,17350,34700,Debit Card,August
R0003,2025-12-26,Smartwatch,Wearables,Madurai,5,44631,223155,Credit Card,December
R0004,2025-07-11,Mouse,Accessories,Trichy,2,56601,113202,UPI,July
R0005,2025-01-22,Laptop,Electronics,Salem,4,20269,81076,Cash,January
R0006,2025-02-28,Printer,Electronics,Coimbatore,1,41934,41934,Cash,February
R0007,2025-09-01,Headphones,Accessories,Chennai,4,57386,229544,Debit Card,September
R0008,2025-01-21,Mouse,Accessories,Chennai,3,42106,126318,Debit Card,January
R0009,2025-11-12,Smartphone,Electronics,Coimbatore,4,9292,37168,Credit Card,November
R0010,2025-12-06,Printer,Electronics,Trichy,2,3112,6224,Debit Card,December
R0011,2025-02-04,Tablet,Electronics,Chennai,4,17659,70636,Cash,February
R0012,2025-02-23,Smartphone,Electronics,Coimbatore,4,19957,79828,Cash,February
R0013,2025-08-06,Monitor,Electronics,Trichy,5,46258,231290,Credit Card,August
R0014,2025-10-31,USB Drive,Accessories,Trichy,4,33106,132424,UPI,October
R0015,2025-08-25,Smartwatch,Wearables,Coimbatore,5,23747,118735,Debit Card,August
R0016,2025-07-07,Mouse,Accessories,Trichy,2,21743,43486,UPI,July
R0017,2025-10-28,Printer,Electronics,Chennai,5,51714,258570,UPI,October
R0018,2025-05-09,Tablet,Electronics,Trichy,1,55115,55115,Cash,May
R0019,2025-03-22,Smartwatch,Wearables,Madurai,3,22502,67506,Debit Card,March
R0020,2025-08-19,Laptop,Electronics,Coimbatore,3,39160,117480,UPI,August
R0021,2025-09-25,Tablet,Electronics,Coimbatore,1,31035,31035,UPI,September
R0022,2025-06-21,Tablet,Electronics,Madurai,5,31318,156590,Debit Card,June
R0023,2025-05-11,Laptop,Electronics,Chennai,3,48216,144648,UPI,May
R0024,2025-07-26,USB Drive,Accessories,Coimbatore,3,54140,162420,Credit Card,July
R0025,2025-04-06,Headphones,Accessories,Trichy,1,42023,42023,Credit Card,April
R0026,2025-06-20,Mouse,Accessories,Salem,5,2178,10890,Cash,June
R0027,2025-03-27,Tablet,Electronics,Trichy,3,28390,85170,Credit Card,March
R0028,2025-05-14,USB Drive,Accessories,Trichy,5,43057,215285,Cash,May
R0029,2025-12-14,Keyboard,Accessories,Chennai,3,18547,55641,Debit Card,December
R0030,2025-05-01,Laptop,Electronics,Trichy,1,1806,1806,UPI,May
R0031,2025-07-17,Printer,Electronics,Madurai,3,40794,122382,UPI,July
R0032,2025-08-22,Mouse,Accessories,Trichy,1,33062,33062,Cash,August
R0033,2025-04-23,Monitor,Electronics,Chennai,1,53415,53415,Credit Card,April
R0034,2025-10-22,Keyboard,Accessories,Coimbatore,4,53233,212932,Debit Card,October
R0035,2025-03-22,Laptop,Electronics,Madurai,5,20580,102900,UPI,March
R0036,2025-02-23,Smartphone,Electronics,Salem,2,47823,95646,Cash,February
R0037,2025-05-10,Laptop,Electronics,Salem,1,47217,47217,Cash,May
R0038,2025-07-22,USB Drive,Accessories,Madurai,4,53162,212648,UPI,July
R0039,2025-04-08,Monitor,Electronics,Madurai,5,52583,262915,Debit Card,April
R0040,2025-07-06,Laptop,Electronics,Salem,1,42607,42607,Debit Card,July
R0041,2025-12-12,Keyboard,Accessories,Madurai,4,56750,227000,Debit Card,December
R0042,2025-07-18,Headphones,Accessories,Trichy,4,3411,13644,UPI,July
R0043,2025-05-09,Laptop,Electronics,Madurai,2,11611,23222,Cash,May
R0044,2025-05-31,Printer,Electronics,Coimbatore,1,47525,47525,Debit Card,May
R0045,2025-12-12,Tablet,Electronics,Chennai,4,55939,223756,Cash,December
R0046,2025-10-31,Laptop,Electronics,Trichy,2,32116,64232,UPI,October
R0047,2025-01-09,Mouse,Accessories,Chennai,3,7658,22974,Debit Card,January
R0048,2025-06-01,Headphones,Accessories,Chennai,3,4999,14997,Cash,June
R0049,2025-04-14,Keyboard,Accessories,Trichy,3,51300,153900,Credit Card,April
R0050,2025-06-02,Headphones,Accessories,Salem,1,16982,16982,Credit Card,June
R0051,2025-06-12,Smartphone,Electronics,Salem,2,3369,6738,UPI,June
R0052,2025-10-16,Keyboard,Accessories,Salem,1,38967,38967,Cash,October
R0053,2025-05-08,Keyboard,Accessories,Chennai,3,21380,64140,Cash,May
R0054,2025-09-21,Headphones,Accessories,Madurai,5,9254,46270,Debit Card,September
R0055,2025-04-07,Smartphone,Electronics,Trichy,5,54545,272725,Debit Card,April
R0056,2025-11-13,Laptop,Electronics,Madurai,5,28143,140715,Cash,November
R0057,2025-01-17,Headphones,Accessories,Trichy,1,40947,40947,Cash,January
R0058,2025-08-21,Mouse,Accessories,Salem,3,33135,99405,Cash,August
R0059,2025-04-09,Laptop,Electronics,Trichy,5,50258,251290,UPI,April
R0060,2025-06-10,Keyboard,Accessories,Madurai,5,50632,253160,Cash,June
R0061,2025-08-11,Smartphone,Electronics,Coimbatore,1,33245,33245,Debit Card,August
R0062,2025-12-08,Smartwatch,Wearables,Coimbatore,2,7955,15910,Debit Card,December
R0063,2025-09-30,USB Drive,Accessories,Chennai,2,45517,91034,UPI,September
R0064,2025-09-04,Monitor,Electronics,Coimbatore,5,6301,31505,Debit Card,September
R0065,2025-01-13,Smartphone,Electronics,Trichy,1,11147,11147,Credit Card,January
R0066,2025-06-22,Tablet,Electronics,Trichy,1,45591,45591,UPI,June
R0067,2025-05-23,Smartwatch,Wearables,Trichy,4,22886,91544,Credit Card,May
R0068,2025-07-05,Smartphone,Electronics,Salem,3,28812,86436,Credit Card,July
R0069,2025-11-01,USB Drive,Accessories,Trichy,2,57161,114322,Credit Card,November
R0070,2025-04-11,Monitor,Electronics,Chennai,3,2991,8973,Cash,April
R0071,2025-04-18,Mouse,Accessories,Salem,4,3551,14204,Debit Card,April
R0072,2025-12-16,Keyboard,Accessories,Madurai,5,58835,294175,Debit Card,December
R0073,2025-09-26,Smartwatch,Wearables,Coimbatore,4,40067,160268,Cash,September
R0074,2025-04-30,USB Drive,Accessories,Madurai,3,21636,64908,Cash,April
R0075,2025-04-27,USB Drive,Accessories,Chennai,2,25816,51632,Cash,April
R0076,2025-05-02,Mouse,Accessories,Chennai,1,1581,1581,Debit Card,May
R0077,2025-08-25,Smartphone,Electronics,Salem,1,46043,46043,UPI,August
R0078,2025-12-15,Tablet,Electronics,Madurai,5,48393,241965,Cash,December
R0079,2025-03-27,USB Drive,Accessories,Chennai,3,13784,41352,UPI,March
R0080,2025-08-26,Mouse,Accessories,Trichy,1,51793,51793,UPI,August
R0081,2025-12-07,USB Drive,Accessories,Trichy,2,35747,71494,UPI,December
R0082,2025-09-03,Mouse,Accessories,Salem,2,23549,47098,Cash,September
R0083,2025-09-07,Smartphone,Electronics,Madurai,4,40658,162632,Credit Card,September
R0084,2025-01-04,Laptop,Electronics,Coimbatore,5,16864,84320,UPI,January
R0085,2025-06-12,Keyboard,Accessories,Trichy,4,7333,29332,UPI,June
R0086,2025-04-11,Laptop,Electronics,Trichy,5,36006,180030,Debit Card,April
R0087,2025-11-26,Laptop,Electronics,Madurai,1,46747,46747,Cash,November
R0088,2025-08-30,Smartphone,Electronics,Madurai,5,27622,138110,Debit Card,August
R0089,2025-04-03,Laptop,Electronics,Coimbatore,2,25851,51702,Credit Card,April
R0090,2025-04-15,USB Drive,Accessories,Trichy,2,57958,115916,Credit Card,April
R0091,2025-03-16,Mouse,Accessories,Salem,2,26592,53184,Cash,March
R0092,2025-09-06,Keyboard,Accessories,Trichy,1,24048,24048,Credit Card,September
R0093,2025-07-11,Mouse,Accessories,Madurai,1,36235,36235,UPI,July
R0094,2025-04-06,Headphones,Accessories,Salem,4,38341,153364,Cash,April
R0095,2025-08-05,Laptop,Electronics,Madurai,5,43786,218930,UPI,August
R0096,2025-03-25,Laptop,Electronics,Chennai,1,14897,14897,Credit Card,March
R0097,2025-08-21,Headphones,Accessories,Madurai,1,14423,14423,Cash,August
R0098,2025-08-11,Printer,Electronics,Trichy,4,17601,70404,Debit Card,August
R0099,2025-01-25,USB Drive,Accessories,Trichy,5,56918,284590,Debit Card,January
R0100,2025-05-31,Mouse,Accessories,Chennai,4,53288,213152,Debit Card,May
R0101,2025-08-11,Mouse,Accessories,Coimbatore,2,22189,44378,UPI,August
R0102,2025-11-27,Headphones,Accessories,Coimbatore,5,37598,187990,Debit Card,November
R0103,2025-09-10,Printer,Electronics,Salem,2,17837,35674,Cash,September
R0104,2025-10-10,USB Drive,Accessories,Coimbatore,1,28069,28069,Credit Card,October
R0105,2025-12-05,Mouse,Accessories,Salem,5,55193,275965,UPI,December
R0106,2025-11-23,Monitor,Electronics,Chennai,4,26756,107024,UPI,November
R0107,2025-09-09,Keyboard,Accessories,Madurai,4,36409,145636,UPI,September
R0108,2025-12-12,Monitor,Electronics,Madurai,3,25789,77367,Debit Card,December
R0109,2025-08-30,Headphones,Accessories,Trichy,5,5248,26240,Credit Card,August
R0110,2025-11-13,USB Drive,Accessories,Chennai,4,56271,225084,Debit Card,November
R0111,2025-12-14,Laptop,Electronics,Chennai,3,43456,130368,Debit Card,December
R0112,2025-04-27,Laptop,Electronics,Coimbatore,1,34091,34091,Cash,April
R0113,2025-08-17,Mouse,Accessories,Trichy,5,11503,57515,Debit Card,August
R0114,2025-02-16,Headphones,Accessories,Chennai,4,44972,179888,UPI,February
R0115,2025-09-16,Laptop,Electronics,Chennai,5,45097,225485,Debit Card,September
R0116,2025-06-05,USB Drive,Accessories,Salem,4,24459,97836,Cash,June
R0117,2025-03-31,USB Drive,Accessories,Coimbatore,4,56471,225884,Cash,March
R0118,2025-12-23,Smartphone,Electronics,Chennai,4,27855,111420,Cash,December
R0119,2025-07-31,Monitor,Electronics,Salem,1,38588,38588,Cash,July
R0120,2025-03-23,Headphones,Accessories,Madurai,5,45945,229725,Cash,March
R0121,2025-11-08,Mouse,Accessories,Coimbatore,1,509,509,Debit Card,November
R0122,2025-05-26,Mouse,Accessories,Chennai,1,28212,28212,Debit Card,May
R0123,2025-08-05,Mouse,Accessories,Madurai,2,4658,9316,Debit Card,August
R0124,2025-04-08,Laptop,Electronics,Chennai,5,20884,104420,Debit Card,April
R0125,2025-11-07,Laptop,Electronics,Trichy,5,41443,207215,UPI,November
R0126,2025-09-16,Mouse,Accessories,Salem,5,39257,196285,Debit Card,September
R0127,2025-07-21,Mouse,Accessories,Coimbatore,5,11416,57080,Debit Card,July
R0128,2025-01-01,Laptop,Electronics,Madurai,5,56897,284485,UPI,January
R0129,2025-10-15,Keyboard,Accessories,Coimbatore,1,38244,38244,Cash,October
R0130,2025-06-11,Smartwatch,Wearables,Madurai,2,49901,99802,Debit Card,June
R0131,2025-02-23,Smartphone,Electronics,Trichy,4,43444,173776,UPI,February
R0132,2025-09-12,Printer,Electronics,Salem,1,54371,54371,UPI,September
R0133,2025-04-13,Smartphone,Electronics,Trichy,3,54182,162546,Credit Card,April
R0134,2025-12-04,Monitor,Electronics,Madurai,2,55893,111786,Debit Card,December
R0135,2025-06-15,Smartphone,Electronics,Chennai,4,29420,117680,Cash,June
R0136,2025-03-22,Tablet,Electronics,Salem,2,57382,114764,UPI,March
R0137,2025-11-26,Keyboard,Accessories,Chennai,2,55979,111958,Cash,November
R0138,2025-09-19,Keyboard,Accessories,Salem,5,27669,138345,Credit Card,September
R0139,2025-07-02,Headphones,Accessories,Madurai,1,24714,24714,Credit Card,July
R0140,2025-07-03,Smartwatch,Wearables,Chennai,4,45915,183660,Debit Card,July
R0141,2025-06-09,Headphones,Accessories,Coimbatore,3,4688,14064,UPI,June
R0142,2025-10-04,USB Drive,Accessories,Salem,3,24454,73362,Credit Card,October
R0143,2025-11-22,USB Drive,Accessories,Chennai,5,23561,117805,UPI,November
R0144,2025-02-15,Printer,Electronics,Coimbatore,4,19277,77108,UPI,February
R0145,2025-03-14,USB Drive,Accessories,Coimbatore,5,16782,83910,UPI,March
R0146,2025-02-17,Printer,Electronics,Salem,3,19762,59286,UPI,February
R0147,2025-01-08,USB Drive,Accessories,Chennai,4,14068,56272,Debit Card,January
R0148,2025-03-19,Keyboard,Accessories,Coimbatore,2,29199,58398,UPI,March
R0149,2025-01-07,USB Drive,Accessories,Madurai,3,46891,140673,Debit Card,January
R0150,2025-10-01,Tablet,Electronics,Coimbatore,3,39138,117414,Credit Card,October
R0151,2025-07-11,Headphones,Accessories,Chennai,3,36354,109062,Debit Card,July
R0152,2025-02-08,Mouse,Accessories,Chennai,4,25789,103156,UPI,February
R0153,2025-10-27,Tablet,Electronics,Chennai,2,49777,99554,UPI,October
R0154,2025-03-08,Keyboard,Accessories,Chennai,1,43063,43063,UPI,March
R0155,2025-02-03,Smartphone,Electronics,Chennai,4,53858,215432,Cash,February
R0156,2025-04-11,Headphones,Accessories,Trichy,2,35740,71480,Credit Card,April
R0157,2025-11-11,Smartphone,Electronics,Salem,3,10667,32001,Credit Card,November
R0158,2025-05-30,Mouse,Accessories,Salem,1,59156,59156,Credit Card,May
R0159,2025-11-27,Monitor,Electronics,Chennai,4,12113,48452,Debit Card,November
R0160,2025-02-09,Headphones,Accessories,Salem,3,35858,107574,Cash,February
R0161,2025-08-08,Smartwatch,Wearables,Madurai,2,41927,83854,Cash,August
R0162,2025-03-03,Monitor,Electronics,Chennai,1,47185,47185,Credit Card,March
R0163,2025-06-22,Smartwatch,Wearables,Trichy,2,47014,94028,UPI,June
R0164,2025-11-20,Monitor,Electronics,Madurai,2,42601,85202,Cash,November
R0165,2025-05-20,Laptop,Electronics,Chennai,4,37476,149904,Credit Card,May
R0166,2025-05-19,Monitor,Electronics,Trichy,5,2417,12085,UPI,May
R0167,2025-06-27,Headphones,Accessories,Coimbatore,1,58745,58745,UPI,June
R0168,2025-01-13,Tablet,Electronics,Coimbatore,2,2719,5438,Cash,January
R0169,2025-09-30,Laptop,Electronics,Chennai,5,43836,219180,Debit Card,September
R0170,2025-04-05,Smartwatch,Wearables,Chennai,3,28753,86259,UPI,April
R0171,2025-05-17,Smartphone,Electronics,Coimbatore,5,9067,45335,Cash,May
R0172,2025-10-23,Headphones,Accessories,Trichy,3,52212,156636,Cash,October
R0173,2025-08-17,Smartwatch,Wearables,Trichy,3,42332,126996,Credit Card,August
R0174,2025-01-05,Headphones,Accessories,Madurai,5,16024,80120,Debit Card,January
R0175,2025-08-25,USB Drive,Accessories,Coimbatore,4,17484,69936,UPI,August
R0176,2025-12-19,Smartphone,Electronics,Chennai,3,8304,24912,UPI,December
R0177,2025-11-05,Laptop,Electronics,Madurai,1,11746,11746,Debit Card,November
R0178,2025-06-28,Headphones,Accessories,Coimbatore,3,31610,94830,Cash,June
R0179,2025-08-19,Keyboard,Accessories,Madurai,5,5908,29540,Cash,August
R0180,2025-10-16,Monitor,Electronics,Trichy,1,1620,1620,Credit Card,October
R0181,2025-05-03,Smartphone,Electronics,Coimbatore,2,37880,75760,UPI,May
R0182,2025-10-30,Monitor,Electronics,Trichy,5,24210,121050,UPI,October
R0183,2025-01-15,Smartwatch,Wearables,Salem,4,41131,164524,Cash,January
R0184,2025-11-20,Mouse,Accessories,Trichy,5,14882,74410,UPI,November
R0185,2025-04-25,Smartphone,Electronics,Madurai,3,16978,50934,Cash,April
R0186,2025-10-10,Keyboard,Accessories,Salem,2,59678,119356,Cash,October
R0187,2025-12-29,USB Drive,Accessories,Trichy,2,11041,22082,Credit Card,December
R0188,2025-04-21,Smartwatch,Wearables,Trichy,2,17868,35736,Debit Card,April
R0189,2025-11-24,Keyboard,Accessories,Coimbatore,4,53528,214112,UPI,November
R0190,2025-02-20,USB Drive,Accessories,Salem,1,54761,54761,Credit Card,February
R0191,2025-09-24,Smartwatch,Wearables,Chennai,1,4297,4297,Credit Card,September
R0192,2025-04-20,Mouse,Accessories,Trichy,5,36685,183425,Credit Card,April
R0193,2025-11-15,Tablet,Electronics,Madurai,1,36340,36340,Cash,November
R0194,2025-05-17,Mouse,Accessories,Coimbatore,1,10024,10024,Cash,May
R0195,2025-10-18,Printer,Electronics,Trichy,5,32909,164545,UPI,October
R0196,2025-07-29,USB Drive,Accessories,Madurai,3,8473,25419,Credit Card,July
R0197,2025-12-30,Laptop,Electronics,Madurai,3,42414,127242,Debit Card,December
R0198,2025-06-29,Monitor,Electronics,Salem,1,2490,2490,Cash,June
R0199,2025-03-04,Laptop,Electronics,Madurai,1,37648,37648,Credit Card,March
R0200,2025-02-18,USB Drive,Accessories,Chennai,4,16741,66964,Cash,February
R0201,2025-04-28,Printer,Electronics,Trichy,1,37511,37511,Debit Card,April
R0202,2025-09-14,Smartwatch,Wearables,Salem,1,21306,21306,Credit Card,September
R0203,2025-07-30,Tablet,Electronics,Salem,3,24942,74826,UPI,July
R0204,2025-09-14,Smartwatch,Wearables,Madurai,3,18949,56847,Debit Card,September
R0205,2025-04-23,Smartphone,Electronics,Coimbatore,2,7145,14290,Credit Card,April
R0206,2025-05-12,Monitor,Electronics,Chennai,3,54578,163734,Cash,May
R0207,2025-09-23,Tablet,Electronics,Coimbatore,3,13587,40761,Debit Card,September
R0208,2025-02-24,Smartphone,Electronics,Trichy,4,47690,190760,Cash,February
R0209,2025-11-17,Smartphone,Electronics,Chennai,5,44539,222695,Debit Card,November
R0210,2025-11-24,Headphones,Accessories,Chennai,3,49648,148944,Debit Card,November
R0211,2025-04-07,Mouse,Accessories,Trichy,3,40486,121458,Debit Card,April
R0212,2025-04-06,Smartwatch,Wearables,Madurai,2,8470,16940,Cash,April
R0213,2025-07-01,Keyboard,Accessories,Salem,4,41624,166496,Credit Card,July
R0214,2025-11-26,Tablet,Electronics,Chennai,2,6650,13300,Debit Card,November
R0215,2025-02-05,Mouse,Accessories,Salem,3,20579,61737,Cash,February
R0216,2025-10-30,Smartphone,Electronics,Salem,2,43380,86760,Cash,October
R0217,2025-04-29,USB Drive,Accessories,Trichy,2,29878,59756,Cash,April
R0218,2025-09-13,Mouse,Accessories,Chennai,5,13721,68605,Credit Card,September
R0219,2025-12-08,Mouse,Accessories,Trichy,4,55638,222552,Cash,December
R0220,2025-04-30,Laptop,Electronics,Madurai,2,48785,97570,Credit Card,April
R0221,2025-04-25,Tablet,Electronics,Chennai,1,29029,29029,Credit Card,April
R0222,2025-10-08,Printer,Electronics,Chennai,2,41696,83392,Credit Card,October
R0223,2025-01-04,Monitor,Electronics,Coimbatore,3,52193,156579,Credit Card,January
R0224,2025-11-22,Smartphone,Electronics,Coimbatore,5,16958,84790,Cash,November
R0225,2025-02-10,Mouse,Accessories,Coimbatore,2,38743,77486,UPI,February
R0226,2025-03-17,Mouse,Accessories,Salem,1,56793,56793,Credit Card,March
R0227,2025-11-09,Monitor,Electronics,Madurai,5,51726,258630,Cash,November
R0228,2025-11-05,Smartphone,Electronics,Coimbatore,4,47328,189312,UPI,November
R0229,2025-07-09,Laptop,Electronics,Coimbatore,2,36296,72592,Credit Card,July
R0230,2025-12-29,Smartphone,Electronics,Chennai,4,39209,156836,Debit Card,December
R0231,2025-10-09,Mouse,Accessories,Salem,4,22374,89496,UPI,October
R0232,2025-06-13,Smartwatch,Wearables,Chennai,3,24563,73689,Debit Card,June
R0233,2025-04-08,Tablet,Electronics,Salem,3,50985,152955,Cash,April
R0234,2025-08-27,Laptop,Electronics,Trichy,2,40983,81966,Debit Card,August
R0235,2025-12-03,Headphones,Accessories,Madurai,4,16350,65400,UPI,December
R0236,2025-03-14,Smartphone,Electronics,Chennai,1,33421,33421,Cash,March
R0237,2025-03-02,Laptop,Electronics,Madurai,1,34508,34508,Cash,March
R0238,2025-10-18,USB Drive,Accessories,Madurai,1,13850,13850,Credit Card,October
R0239,2025-04-12,Mouse,Accessories,Coimbatore,4,41631,166524,Cash,April
R0240,2025-11-01,Headphones,Accessories,Salem,5,49582,247910,UPI,November
R0241,2025-10-30,USB Drive,Accessories,Trichy,1,28970,28970,Credit Card,October
R0242,2025-05-29,Smartwatch,Wearables,Chennai,3,6395,19185,Debit Card,May
R0243,2025-03-30,Mouse,Accessories,Trichy,1,56261,56261,Debit Card,March
R0244,2025-01-26,USB Drive,Accessories,Coimbatore,1,57696,57696,Cash,January
R0245,2025-10-09,Tablet,Electronics,Salem,1,12682,12682,Credit Card,October
R0246,2025-05-17,USB Drive,Accessories,Madurai,5,24570,122850,Cash,May
R0247,2025-08-03,Smartwatch,Wearables,Salem,2,42286,84572,Credit Card,August
R0248,2025-04-13,Keyboard,Accessories,Chennai,3,37765,113295,Credit Card,April
R0249,2025-07-07,Smartwatch,Wearables,Salem,3,35935,107805,Credit Card,July
R0250,2025-07-02,Headphones,Accessories,Trichy,5,30366,151830,Debit Card,July
R0251,2025-12-15,Smartwatch,Wearables,Chennai,1,45047,45047,UPI,December
R0252,2025-04-18,Smartphone,Electronics,Coimbatore,1,29187,29187,Debit Card,April
R0253,2025-09-08,Headphones,Accessories,Salem,2,1045,2090,UPI,September
R0254,2025-02-08,Smartphone,Electronics,Trichy,3,31086,93258,UPI,February
R0255,2025-08-24,Laptop,Electronics,Chennai,5,8936,44680,Cash,August
R0256,2025-09-23,Smartwatch,Wearables,Chennai,4,59106,236424,Debit Card,September
R0257,2025-03-06,Tablet,Electronics,Chennai,4,13176,52704,Debit Card,March
R0258,2025-05-26,Smartwatch,Wearables,Salem,2,56119,112238,UPI,May
R0259,2025-03-14,Laptop,Electronics,Chennai,5,25057,125285,UPI,March
R0260,2025-07-06,Smartwatch,Wearables,Coimbatore,4,32383,129532,UPI,July
R0261,2025-07-17,Mouse,Accessories,Madurai,3,32623,97869,Credit Card,July
R0262,2025-02-21,Smartphone,Electronics,Trichy,1,24762,24762,Debit Card,February
R0263,2025-03-04,Smartwatch,Wearables,Salem,4,49488,197952,Debit Card,March
R0264,2025-08-06,USB Drive,Accessories,Chennai,3,50476,151428,UPI,August
R0265,2025-09-19,USB Drive,Accessories,Salem,3,14699,44097,UPI,September
R0266,2025-04-09,Monitor,Electronics,Trichy,1,47100,47100,Credit Card,April
R0267,2025-06-27,Laptop,Electronics,Coimbatore,5,43374,216870,Credit Card,June
R0268,2025-08-15,Laptop,Electronics,Salem,3,29331,87993,Cash,August
R0269,2025-12-23,Printer,Electronics,Coimbatore,1,37943,37943,Debit Card,December
R0270,2025-01-29,Printer,Electronics,Chennai,3,44142,132426,Debit Card,January
R0271,2025-06-19,Printer,Electronics,Chennai,2,26431,52862,Debit Card,June
R0272,2025-08-14,Smartwatch,Wearables,Trichy,1,59262,59262,Debit Card,August
R0273,2025-06-25,Monitor,Electronics,Coimbatore,3,4472,13416,Credit Card,June
R0274,2025-10-11,Monitor,Electronics,Salem,5,10403,52015,UPI,October
R0275,2025-08-12,Laptop,Electronics,Salem,2,10016,20032,Debit Card,August
R0276,2025-02-09,USB Drive,Accessories,Coimbatore,3,2091,6273,Cash,February
R0277,2025-06-17,Laptop,Electronics,Trichy,3,52035,156105,UPI,June
R0278,2025-02-14,Printer,Electronics,Chennai,5,33630,168150,UPI,February
R0279,2025-06-04,USB Drive,Accessories,Trichy,4,21170,84680,Debit Card,June
R0280,2025-11-10,Mouse,Accessories,Chennai,3,50208,150624,Debit Card,November
R0281,2025-06-09,Tablet,Electronics,Madurai,2,40829,81658,UPI,June
R0282,2025-09-15,Tablet,Electronics,Salem,2,19287,38574,UPI,September
R0283,2025-01-13,Tablet,Electronics,Madurai,2,22227,44454,UPI,January
R0284,2025-12-20,Printer,Electronics,Trichy,1,32466,32466,Cash,December
R0285,2025-11-22,Smartwatch,Wearables,Madurai,5,1507,7535,Credit Card,November
R0286,2025-08-12,Tablet,Electronics,Coimbatore,2,22236,44472,Debit Card,August
R0287,2025-07-15,Mouse,Accessories,Trichy,5,17161,85805,Cash,July
R0288,2025-08-07,Keyboard,Accessories,Chennai,2,7991,15982,Cash,August
R0289,2025-07-12,Monitor,Electronics,Coimbatore,1,8573,8573,Cash,July
R0290,2025-07-11,Smartphone,Electronics,Salem,2,24321,48642,Cash,July
R0291,2025-01-07,Keyboard,Accessories,Salem,3,22230,66690,Debit Card,January
R0292,2025-02-27,Laptop,Electronics,Coimbatore,3,27582,82746,Credit Card,February
R0293,2025-04-09,Smartphone,Electronics,Salem,5,58359,291795,UPI,April
R0294,2025-03-16,Tablet,Electronics,Trichy,5,10896,54480,Cash,March
R0295,2025-01-27,Smartphone,Electronics,Madurai,4,3593,14372,UPI,January
R0296,2025-01-21,Smartwatch,Wearables,Salem,4,34256,137024,Debit Card,January
R0297,2025-09-14,Keyboard,Accessories,Coimbatore,3,32696,98088,Cash,September
R0298,2025-06-12,Monitor,Electronics,Chennai,2,2480,4960,UPI,June
R0299,2025-09-28,Smartwatch,Wearables,Trichy,4,26885,107540,Cash,September
R0300,2025-05-25,Smartwatch,Wearables,Salem,4,39841,159364,UPI,May
R0301,2025-02-19,Smartwatch,Wearables,Trichy,3,47265,141795,Debit Card,February
R0302,2025-06-30,Headphones,Accessories,Trichy,5,17843,89215,Credit Card,June
R0303,2025-01-15,Headphones,Accessories,Chennai,4,57377,229508,Credit Card,January
R0304,2025-08-24,Tablet,Electronics,Trichy,1,29041,29041,Cash,August
R0305,2025-11-15,Printer,Electronics,Salem,1,56751,56751,UPI,November
R0306,2025-07-24,Smartphone,Electronics,Chennai,3,30259,90777,Cash,July
R0307,2025-11-16,Mouse,Accessories,Coimbatore,2,27089,54178,Credit Card,November
R0308,2025-08-05,Monitor,Electronics,Chennai,3,22304,66912,Cash,August
R0309,2025-09-24,Monitor,Electronics,Madurai,1,30587,30587,Cash,September
R0310,2025-02-15,Printer,Electronics,Trichy,1,39999,39999,Cash,February
R0311,2025-08-30,Laptop,Electronics,Trichy,2,9627,19254,UPI,August
R0312,2025-08-21,Smartphone,Electronics,Salem,1,27924,27924,Credit Card,August
R0313,2025-06-03,Laptop,Electronics,Coimbatore,5,47719,238595,Credit Card,June
R0314,2025-05-02,Tablet,Electronics,Coimbatore,2,51361,102722,Debit Card,May
R0315,2025-11-01,Smartphone,Electronics,Madurai,2,9578,19156,UPI,November
R0316,2025-01-09,Headphones,Accessories,Chennai,3,2425,7275,Debit Card,January
R0317,2025-09-21,Printer,Electronics,Coimbatore,2,25791,51582,Cash,September
R0318,2025-01-07,Keyboard,Accessories,Madurai,3,35698,107094,Cash,January
R0319,2025-01-03,Keyboard,Accessories,Chennai,2,16905,33810,Cash,January
R0320,2025-01-12,USB Drive,Accessories,Trichy,3,15813,47439,UPI,January
R0321,2025-05-02,Printer,Electronics,Madurai,5,18150,90750,Debit Card,May
R0322,2025-08-09,Keyboard,Accessories,Salem,5,18811,94055,Debit Card,August
R0323,2025-07-30,Headphones,Accessories,Salem,4,20549,82196,Cash,July
R0324,2025-05-11,Smartwatch,Wearables,Trichy,1,26158,26158,Credit Card,May
R0325,2025-04-03,Headphones,Accessories,Chennai,3,46000,138000,Debit Card,April
R0326,2025-01-24,Laptop,Electronics,Trichy,5,49810,249050,UPI,January
R0327,2025-01-20,Keyboard,Accessories,Trichy,4,26463,105852,Cash,January
R0328,2025-04-06,Smartphone,Electronics,Chennai,1,15782,15782,Cash,April
R0329,2025-08-16,USB Drive,Accessories,Coimbatore,5,32085,160425,Debit Card,August
R0330,2025-10-22,Smartphone,Electronics,Coimbatore,4,59641,238564,Debit Card,October
R0331,2025-05-05,Headphones,Accessories,Trichy,2,42729,85458,Debit Card,May
R0332,2025-08-13,Smartphone,Electronics,Madurai,5,19842,99210,Credit Card,August
R0333,2025-03-28,Smartwatch,Wearables,Coimbatore,4,23779,95116,Cash,March
R0334,2025-02-10,Smartphone,Electronics,Trichy,5,45465,227325,UPI,February
R0335,2025-05-10,Smartwatch,Wearables,Chennai,1,36423,36423,Debit Card,May
R0336,2025-03-07,Printer,Electronics,Madurai,1,57871,57871,UPI,March
R0337,2025-06-13,Mouse,Accessories,Salem,1,22427,22427,Debit Card,June
R0338,2025-09-27,USB Drive,Accessories,Coimbatore,3,33897,101691,UPI,September
R0339,2025-12-27,USB Drive,Accessories,Chennai,4,46417,185668,UPI,December
R0340,2025-01-01,Keyboard,Accessories,Chennai,3,23999,71997,Cash,January
R0341,2025-05-01,Monitor,Electronics,Madurai,4,42767,171068,UPI,May
R0342,2025-11-01,Mouse,Accessories,Chennai,4,27288,109152,Cash,November
R0343,2025-07-26,Smartwatch,Wearables,Trichy,4,18274,73096,Debit Card,July
R0344,2025-10-20,Keyboard,Accessories,Trichy,2,16501,33002,Credit Card,October
R0345,2025-09-02,Laptop,Electronics,Madurai,3,21177,63531,UPI,September
R0346,2025-01-12,Laptop,Electronics,Coimbatore,1,34497,34497,Cash,January
R0347,2025-09-08,Mouse,Accessories,Madurai,2,1739,3478,Credit Card,September
R0348,2025-10-12,Smartphone,Electronics,Chennai,1,24357,24357,Debit Card,October
R0349,2025-10-21,Smartwatch,Wearables,Trichy,3,3749,11247,Debit Card,October
R0350,2025-01-08,Keyboard,Accessories,Coimbatore,2,44253,88506,UPI,January
R0351,2025-12-24,Laptop,Electronics,Salem,5,40787,203935,Debit Card,December
R0352,2025-11-07,Monitor,Electronics,Coimbatore,2,48820,97640,Debit Card,November
R0353,2025-05-25,USB Drive,Accessories,Coimbatore,2,29125,58250,Cash,May
R0354,2025-11-24,Smartwatch,Wearables,Chennai,1,29759,29759,Credit Card,November
R0355,2025-05-27,Keyboard,Accessories,Salem,1,36340,36340,Cash,May
R0356,2025-08-08,Mouse,Accessories,Coimbatore,1,45133,45133,Credit Card,August
R0357,2025-03-30,Monitor,Electronics,Salem,1,8348,8348,UPI,March
R0358,2025-11-20,Mouse,Accessories,Coimbatore,5,20114,100570,UPI,November
R0359,2025-01-19,Monitor,Electronics,Coimbatore,4,26713,106852,Credit Card,January
R0360,2025-11-27,Printer,Electronics,Chennai,3,18272,54816,Cash,November
R0361,2025-05-23,Monitor,Electronics,Chennai,1,52424,52424,Cash,May
R0362,2025-11-12,USB Drive,Accessories,Salem,5,12678,63390,UPI,November
R0363,2025-10-18,Laptop,Electronics,Trichy,1,9427,9427,Credit Card,October
R0364,2025-04-20,USB Drive,Accessories,Coimbatore,3,40278,120834,Credit Card,April
R0365,2025-10-09,Printer,Electronics,Coimbatore,3,23112,69336,Credit Card,October
R0366,2025-06-02,Mouse,Accessories,Trichy,5,1677,8385,UPI,June
R0367,2025-10-27,Smartphone,Electronics,Trichy,5,28098,140490,Debit Card,October
R0368,2025-01-21,Tablet,Electronics,Madurai,2,27487,54974,Debit Card,January
R0369,2025-10-08,Mouse,Accessories,Trichy,4,39810,159240,Debit Card,October
R0370,2025-05-21,Headphones,Accessories,Madurai,4,13576,54304,Credit Card,May
R0371,2025-01-27,Keyboard,Accessories,Salem,5,28711,143555,Debit Card,January
R0372,2025-06-07,Headphones,Accessories,Coimbatore,2,55191,110382,Credit Card,June
R0373,2025-03-31,Laptop,Electronics,Chennai,5,23671,118355,Credit Card,March
R0374,2025-02-08,Tablet,Electronics,Salem,4,49213,196852,Debit Card,February
R0375,2025-10-25,Tablet,Electronics,Trichy,1,24989,24989,Cash,October
R0376,2025-06-22,Keyboard,Accessories,Coimbatore,1,22175,22175,Debit Card,June
R0377,2025-08-08,Tablet,Electronics,Chennai,5,23753,118765,Credit Card,August
R0378,2025-05-01,Printer,Electronics,Salem,2,11117,22234,Credit Card,May
R0379,2025-12-13,Smartwatch,Wearables,Salem,1,36493,36493,Cash,December
R0380,2025-03-01,Smartphone,Electronics,Coimbatore,3,36951,110853,UPI,March
R0381,2025-08-30,Smartphone,Electronics,Salem,3,16535,49605,Debit Card,August
R0382,2025-08-14,Laptop,Electronics,Chennai,3,52831,158493,Debit Card,August
R0383,2025-10-20,Mouse,Accessories,Madurai,1,42121,42121,Cash,October
R0384,2025-03-19,Tablet,Electronics,Salem,3,58493,175479,UPI,March
R0385,2025-11-16,Printer,Electronics,Madurai,1,34037,34037,Debit Card,November
R0386,2025-02-11,Mouse,Accessories,Salem,2,28982,57964,Debit Card,February
R0387,2025-10-07,Printer,Electronics,Trichy,1,56254,56254,Credit Card,October
R0388,2025-04-12,Headphones,Accessories,Coimbatore,4,18125,72500,Cash,April
R0389,2025-02-05,Tablet,Electronics,Salem,5,54753,273765,UPI,February
R0390,2025-05-16,Keyboard,Accessories,Chennai,3,16956,50868,Debit Card,May
R0391,2025-09-26,Monitor,Electronics,Chennai,1,50359,50359,Cash,September
R0392,2025-01-27,Smartphone,Electronics,Salem,4,11256,45024,Cash,January
R0393,2025-10-27,Monitor,Electronics,Salem,2,8758,17516,Credit Card,October
R0394,2025-09-15,Headphones,Accessories,Chennai,2,54943,109886,Debit Card,September
R0395,2025-05-30,Smartphone,Electronics,Trichy,4,32507,130028,Credit Card,May
R0396,2025-10-14,Keyboard,Accessories,Chennai,5,43328,216640,Debit Card,October
R0397,2025-01-12,USB Drive,Accessories,Chennai,1,59946,59946,Cash,January
R0398,2025-05-24,Smartwatch,Wearables,Salem,4,11254,45016,Debit Card,May
R0399,2025-12-26,Headphones,Accessories,Trichy,5,55751,278755,UPI,December
R0400,2025-08-19,Printer,Electronics,Chennai,5,13895,69475,UPI,August
R0401,2025-05-22,Monitor,Electronics,Trichy,4,19669,78676,UPI,May
R0402,2025-12-27,Tablet,Electronics,Salem,2,59445,118890,Credit Card,December
R0403,2025-11-27,Printer,Electronics,Madurai,1,19380,19380,Cash,November
R0404,2025-11-07,Tablet,Electronics,Madurai,2,36535,73070,Credit Card,November
R0405,2025-01-12,Monitor,Electronics,Chennai,4,25319,101276,Credit Card,January
R0406,2025-10-18,Monitor,Electronics,Coimbatore,2,22432,44864,Credit Card,October
R0407,2025-01-07,Monitor,Electronics,Trichy,3,28995,86985,Credit Card,January
R0408,2025-03-07,Printer,Electronics,Madurai,5,24726,123630,Credit Card,March
R0409,2025-10-03,Headphones,Accessories,Coimbatore,2,7873,15746,Cash,October
R0410,2025-10-08,USB Drive,Accessories,Salem,1,59829,59829,Credit Card,October
R0411,2025-09-27,Laptop,Electronics,Chennai,4,8786,35144,Credit Card,September
R0412,2025-01-25,Monitor,Electronics,Salem,5,49063,245315,UPI,January
R0413,2025-01-25,Smartphone,Electronics,Trichy,5,40405,202025,UPI,January
R0414,2025-11-12,Keyboard,Accessories,Salem,2,52688,105376,Debit Card,November
R0415,2025-10-14,Smartphone,Electronics,Madurai,4,27786,111144,UPI,October
R0416,2025-12-11,Headphones,Accessories,Coimbatore,2,31997,63994,Credit Card,December
R0417,2025-02-25,Smartphone,Electronics,Chennai,5,27026,135130,Debit Card,February
R0418,2025-05-29,Headphones,Accessories,Chennai,1,30294,30294,Cash,May
R0419,2025-09-17,Headphones,Accessories,Trichy,4,42068,168272,Debit Card,September
R0420,2025-12-25,Smartwatch,Wearables,Trichy,1,43608,43608,Cash,December
R0421,2025-08-19,Keyboard,Accessories,Coimbatore,4,12911,51644,Debit Card,August
R0422,2025-03-03,Mouse,Accessories,Salem,4,57522,230088,Debit Card,March
R0423,2025-01-14,Tablet,Electronics,Salem,3,27215,81645,UPI,January
R0424,2025-03-03,Monitor,Electronics,Madurai,5,4981,24905,UPI,March
R0425,2025-11-10,Monitor,Electronics,Salem,5,23677,118385,UPI,November
R0426,2025-08-01,Mouse,Accessories,Salem,2,25317,50634,Credit Card,August
R0427,2025-06-13,Mouse,Accessories,Chennai,5,1171,5855,Debit Card,June
R0428,2025-07-10,Laptop,Electronics,Salem,4,11134,44536,Cash,July
R0429,2025-07-15,Tablet,Electronics,Coimbatore,5,24845,124225,Cash,July
R0430,2025-08-09,Smartphone,Electronics,Trichy,3,14556,43668,UPI,August
R0431,2025-02-11,Monitor,Electronics,Salem,2,55816,111632,UPI,February
R0432,2025-05-09,Printer,Electronics,Coimbatore,1,3691,3691,Cash,May
R0433,2025-11-10,Laptop,Electronics,Trichy,2,25317,50634,Cash,November
R0434,2025-09-04,Mouse,Accessories,Coimbatore,4,42174,168696,Cash,September
R0435,2025-12-09,Monitor,Electronics,Salem,1,49730,49730,Debit Card,December
R0436,2025-04-11,Mouse,Accessories,Salem,4,23114,92456,Cash,April
R0437,2025-04-19,Printer,Electronics,Madurai,3,36724,110172,Cash,April
R0438,2025-05-28,Headphones,Accessories,Salem,1,18552,18552,Cash,May
R0439,2025-07-30,USB Drive,Accessories,Madurai,4,10366,41464,Cash,July
R0440,2025-09-18,Headphones,Accessories,Salem,3,27565,82695,Credit Card,September
R0441,2025-04-21,Monitor,Electronics,Trichy,2,43033,86066,UPI,April
R0442,2025-02-18,Smartwatch,Wearables,Trichy,1,35644,35644,Credit Card,February
R0443,2025-04-29,Keyboard,Accessories,Coimbatore,1,13004,13004,Credit Card,April
R0444,2025-12-13,Mouse,Accessories,Coimbatore,4,25727,102908,Credit Card,December
R0445,2025-01-11,Mouse,Accessories,Coimbatore,4,30421,121684,Debit Card,January
R0446,2025-06-02,Laptop,Electronics,Madurai,2,27306,54612,Credit Card,June
R0447,2025-10-05,USB Drive,Accessories,Trichy,1,12389,12389,Credit Card,October
R0448,2025-10-15,Keyboard,Accessories,Madurai,5,11935,59675,Credit Card,October
R0449,2025-05-02,Laptop,Electronics,Chennai,5,12758,63790,Cash,May
R0450,2025-05-29,Printer,Electronics,Trichy,2,35464,70928,Cash,May
R0451,2025-01-22,Monitor,Electronics,Trichy,3,59212,177636,UPI,January
R0452,2025-10-10,Smartphone,Electronics,Coimbatore,2,45768,91536,Debit Card,October
R0453,2025-10-05,Headphones,Accessories,Madurai,4,58304,233216,UPI,October
R0454,2025-04-28,Laptop,Electronics,Madurai,3,9394,28182,Debit Card,April
R0455,2025-05-08,Tablet,Electronics,Salem,4,9996,39984,Debit Card,May
R0456,2025-05-24,Smartwatch,Wearables,Chennai,2,57005,114010,Cash,May
R0457,2025-04-14,Mouse,Accessories,Madurai,3,17332,51996,Cash,April
R0458,2025-01-10,USB Drive,Accessories,Salem,2,45022,90044,Cash,January
R0459,2025-03-07,Tablet,Electronics,Chennai,3,25998,77994,Cash,March
R0460,2025-03-27,Printer,Electronics,Coimbatore,4,19863,79452,Credit Card,March
R0461,2025-01-14,USB Drive,Accessories,Chennai,4,27332,109328,Credit Card,January
R0462,2025-03-16,Mouse,Accessories,Madurai,1,15879,15879,Debit Card,March
R0463,2025-07-05,Tablet,Electronics,Trichy,3,50776,152328,Debit Card,July
R0464,2025-01-24,Keyboard,Accessories,Madurai,4,18813,75252,Credit Card,January
R0465,2025-12-25,Mouse,Accessories,Salem,5,13609,68045,Credit Card,December
R0466,2025-01-20,Monitor,Electronics,Chennai,4,34348,137392,Debit Card,January
R0467,2025-01-14,Tablet,Electronics,Madurai,4,36560,146240,Cash,January
R0468,2025-09-11,Mouse,Accessories,Coimbatore,2,30250,60500,Credit Card,September
R0469,2025-11-01,Smartphone,Electronics,Madurai,3,29231,87693,Credit Card,November
R0470,2025-11-10,Smartwatch,Wearables,Salem,5,1041,5205,Debit Card,November
R0471,2025-06-22,Keyboard,Accessories,Trichy,3,58275,174825,Credit Card,June
R0472,2025-05-26,Tablet,Electronics,Trichy,1,59050,59050,UPI,May
R0473,2025-10-28,Printer,Electronics,Chennai,4,22121,88484,UPI,October
R0474,2025-08-28,Monitor,Electronics,Madurai,4,50311,201244,Debit Card,August
R0475,2025-12-25,Monitor,Electronics,Chennai,4,57918,231672,Credit Card,December
R0476,2025-03-02,Mouse,Accessories,Coimbatore,1,58343,58343,Credit Card,March
R0477,2025-04-23,Headphones,Accessories,Salem,5,47198,235990,Credit Card,April
R0478,2025-02-20,Laptop,Electronics,Salem,3,18784,56352,Debit Card,February
R0479,2025-03-10,USB Drive,Accessories,Salem,3,5517,16551,Cash,March
R0480,2025-03-15,Mouse,Accessories,Salem,4,2596,10384,Cash,March
R0481,2025-05-06,Monitor,Electronics,Coimbatore,2,20215,40430,Debit Card,May
R0482,2025-11-22,Laptop,Electronics,Chennai,1,44119,44119,Credit Card,November
R0483,2025-02-05,Printer,Electronics,Salem,4,14475,57900,Credit Card,February
R0484,2025-12-08,Smartwatch,Wearables,Trichy,4,37981,151924,Debit Card,December
R0485,2025-04-30,Headphones,Accessories,Coimbatore,4,8961,35844,Cash,April
R0486,2025-07-24,Monitor,Electronics,Trichy,2,8396,16792,UPI,July
R0487,2025-12-04,Keyboard,Accessories,Coimbatore,3,3143,9429,Debit Card,December
R0488,2025-06-27,Printer,Electronics,Chennai,5,47799,238995,Debit Card,June
R0489,2025-09-05,Tablet,Electronics,Madurai,2,50323,100646,Cash,September
R0490,2025-06-03,Smartwatch,Wearables,Trichy,5,51101,255505,Cash,June
R0491,2025-01-21,Printer,Electronics,Coimbatore,5,19245,96225,UPI,January
R0492,2025-11-01,Headphones,Accessories,Madurai,2,57752,115504,Debit Card,November
R0493,2025-06-10,Printer,Electronics,Coimbatore,5,29555,147775,UPI,June
R0494,2025-11-23,Keyboard,Accessories,Chennai,2,15852,31704,UPI,November
R0495,2025-12-20,Smartwatch,Wearables,Trichy,5,33840,169200,Credit Card,December
R0496,2025-04-08,Printer,Electronics,Coimbatore,1,21508,21508,UPI,April
R0497,2025-01-22,USB Drive,Accessories,Chennai,5,18421,92105,Credit Card,January
R0498,2025-05-05,USB Drive,Accessories,Trichy,2,11907,23814,Cash,May
R0499,2025-05-18,Smartwatch,Wearables,Madurai,4,5166,20664,Cash,May
R0500,2025-02-01,Headphones,Accessories,Salem,1,38323,38323,Cash,February
R0501,2025-08-02,USB Drive,Accessories,Salem,4,31073,124292,Debit Card,August
R0502,2025-09-27,Monitor,Electronics,Madurai,4,15439,61756,UPI,September
R0503,2025-01-26,Printer,Electronics,Chennai,2,53519,107038,Debit Card,January
R0504,2025-09-11,Smartphone,Electronics,Madurai,1,22763,22763,Cash,September
R0505,2025-08-15,Laptop,Electronics,Trichy,2,42471,84942,Debit Card,August
R0506,2025-07-16,Printer,Electronics,Madurai,3,13989,41967,Debit Card,July
R0507,2025-10-24,Smartwatch,Wearables,Trichy,4,49659,198636,UPI,October
R0508,2025-08-26,Mouse,Accessories,Coimbatore,1,21538,21538,Credit Card,August
R0509,2025-09-20,Keyboard,Accessories,Madurai,4,15221,60884,UPI,September
R0510,2025-12-29,Headphones,Accessories,Chennai,3,14437,43311,Cash,December
R0511,2025-06-25,Laptop,Electronics,Madurai,5,47471,237355,UPI,June
R0512,2025-05-17,Keyboard,Accessories,Trichy,3,3091,9273,Debit Card,May
R0513,2025-04-19,Tablet,Electronics,Salem,1,25650,25650,UPI,April
R0514,2025-04-12,Smartphone,Electronics,Coimbatore,4,34191,136764,Debit Card,April
R0515,2025-01-25,Tablet,Electronics,Madurai,3,8504,25512,UPI,January
R0516,2025-06-03,Keyboard,Accessories,Salem,1,27015,27015,Debit Card,June
R0517,2025-05-14,Printer,Electronics,Madurai,4,45017,180068,Cash,May
R0518,2025-12-30,Printer,Electronics,Trichy,3,22453,67359,UPI,December
R0519,2025-05-11,Mouse,Accessories,Trichy,2,46537,93074,Cash,May
R0520,2025-09-05,USB Drive,Accessories,Coimbatore,5,55951,279755,Credit Card,September
R0521,2025-06-29,Laptop,Electronics,Coimbatore,5,59542,297710,UPI,June
R0522,2025-03-16,Headphones,Accessories,Chennai,2,5933,11866,Debit Card,March
R0523,2025-04-18,Monitor,Electronics,Madurai,1,7480,7480,Credit Card,April
R0524,2025-09-29,Headphones,Accessories,Coimbatore,1,58567,58567,Credit Card,September
R0525,2025-07-20,Headphones,Accessories,Trichy,4,58914,235656,Cash,July
R0526,2025-10-30,Laptop,Electronics,Salem,3,56311,168933,Debit Card,October
R0527,2025-10-29,Printer,Electronics,Trichy,5,50600,253000,Credit Card,October
R0528,2025-02-08,Keyboard,Accessories,Chennai,4,24452,97808,Debit Card,February
R0529,2025-09-08,Smartphone,Electronics,Madurai,3,21625,64875,Debit Card,September
R0530,2025-11-24,Smartphone,Electronics,Madurai,4,21480,85920,Debit Card,November
R0531,2025-12-10,Keyboard,Accessories,Coimbatore,1,8972,8972,Credit Card,December
R0532,2025-04-20,Tablet,Electronics,Madurai,1,53830,53830,Debit Card,April
R0533,2025-10-11,USB Drive,Accessories,Trichy,3,24764,74292,UPI,October
R0534,2025-05-04,Tablet,Electronics,Chennai,1,11502,11502,Cash,May
R0535,2025-04-30,Headphones,Accessories,Salem,4,4993,19972,UPI,April
R0536,2025-09-22,Keyboard,Accessories,Chennai,1,49937,49937,Cash,September
R0537,2025-07-22,Keyboard,Accessories,Salem,1,47233,47233,Debit Card,July
R0538,2025-08-10,Printer,Electronics,Chennai,3,27457,82371,Cash,August
R0539,2025-12-27,Keyboard,Accessories,Salem,4,15349,61396,Credit Card,December
R0540,2025-09-12,Monitor,Electronics,Salem,1,52850,52850,Credit Card,September
R0541,2025-09-24,Laptop,Electronics,Coimbatore,4,54806,219224,UPI,September
R0542,2025-10-03,Mouse,Accessories,Salem,5,14115,70575,Debit Card,October
R0543,2025-07-20,Laptop,Electronics,Salem,5,2544,12720,UPI,July
R0544,2025-08-04,Keyboard,Accessories,Chennai,3,9668,29004,Cash,August
R0545,2025-03-17,Tablet,Electronics,Chennai,4,7081,28324,Debit Card,March
R0546,2025-08-20,USB Drive,Accessories,Salem,4,23632,94528,Debit Card,August
R0547,2025-06-28,Monitor,Electronics,Trichy,4,53392,213568,Debit Card,June
R0548,2025-09-17,Tablet,Electronics,Trichy,4,31759,127036,UPI,September
R0549,2025-06-11,Headphones,Accessories,Madurai,4,693,2772,Debit Card,June
R0550,2025-03-28,Printer,Electronics,Chennai,1,32827,32827,Credit Card,March
R0551,2025-09-19,Laptop,Electronics,Coimbatore,5,21759,108795,Debit Card,September
R0552,2025-12-28,Smartwatch,Wearables,Chennai,3,20335,61005,UPI,December
R0553,2025-05-22,Laptop,Electronics,Madurai,3,30619,91857,Cash,May
R0554,2025-07-08,Keyboard,Accessories,Chennai,1,7296,7296,Credit Card,July
R0555,2025-12-19,Laptop,Electronics,Coimbatore,3,29575,88725,Debit Card,December
R0556,2025-07-11,Mouse,Accessories,Coimbatore,5,51620,258100,Debit Card,July
R0557,2025-12-10,Monitor,Electronics,Salem,1,51452,51452,UPI,December
R0558,2025-10-04,Printer,Electronics,Madurai,1,34123,34123,Debit Card,October
R0559,2025-07-11,Tablet,Electronics,Madurai,1,22554,22554,Credit Card,July
R0560,2025-05-07,Headphones,Accessories,Salem,3,18240,54720,UPI,May
R0561,2025-11-28,Smartwatch,Wearables,Salem,4,8710,34840,UPI,November
R0562,2025-09-07,Laptop,Electronics,Salem,5,55898,279490,Cash,September
R0563,2025-12-09,Printer,Electronics,Salem,3,58017,174051,Debit Card,December
R0564,2025-12-06,Tablet,Electronics,Coimbatore,1,22690,22690,Credit Card,December
R0565,2025-06-10,Smartphone,Electronics,Trichy,4,17873,71492,Credit Card,June
R0566,2025-03-25,Mouse,Accessories,Chennai,3,35042,105126,UPI,March
R0567,2025-02-10,USB Drive,Accessories,Coimbatore,3,19586,58758,Debit Card,February
R0568,2025-11-03,Printer,Electronics,Madurai,2,52149,104298,UPI,November
R0569,2025-04-28,USB Drive,Accessories,Chennai,2,5158,10316,UPI,April
R0570,2025-03-25,Tablet,Electronics,Madurai,4,17654,70616,UPI,March
R0571,2025-12-16,Smartphone,Electronics,Coimbatore,5,30873,154365,UPI,December
R0572,2025-08-23,Printer,Electronics,Chennai,4,52118,208472,Debit Card,August
R0573,2025-03-03,USB Drive,Accessories,Chennai,5,9928,49640,Debit Card,March
R0574,2025-10-11,Printer,Electronics,Salem,1,7961,7961,Credit Card,October
R0575,2025-03-14,Smartphone,Electronics,Salem,4,35926,143704,Credit Card,March
R0576,2025-12-20,USB Drive,Accessories,Madurai,4,28511,114044,Debit Card,December
R0577,2025-11-09,Printer,Electronics,Trichy,3,48275,144825,Cash,November
R0578,2025-06-05,Laptop,Electronics,Salem,2,23467,46934,Debit Card,June
R0579,2025-11-17,Keyboard,Accessories,Chennai,5,26667,133335,Debit Card,November
R0580,2025-07-21,Keyboard,Accessories,Trichy,3,49296,147888,Credit Card,July
R0581,2025-05-06,Headphones,Accessories,Madurai,3,44514,133542,UPI,May
R0582,2025-06-25,Laptop,Electronics,Trichy,5,14203,71015,Cash,June
R0583,2025-04-23,Monitor,Electronics,Salem,1,17938,17938,Credit Card,April
R0584,2025-03-16,Mouse,Accessories,Salem,3,28726,86178,Cash,March
R0585,2025-12-29,USB Drive,Accessories,Madurai,3,8097,24291,Credit Card,December
R0586,2025-11-11,Headphones,Accessories,Salem,2,19193,38386,Debit Card,November
R0587,2025-05-02,Mouse,Accessories,Salem,2,56280,112560,UPI,May
R0588,2025-02-04,USB Drive,Accessories,Trichy,4,8536,34144,Credit Card,February
R0589,2025-03-18,Printer,Electronics,Madurai,1,25872,25872,Debit Card,March
R0590,2025-10-05,Keyboard,Accessories,Trichy,1,37075,37075,UPI,October
R0591,2025-06-11,Mouse,Accessories,Salem,1,2852,2852,Credit Card,June
R0592,2025-02-11,Mouse,Accessories,Coimbatore,3,11082,33246,Cash,February
R0593,2025-01-21,Headphones,Accessories,Trichy,2,840,1680,Debit Card,January
R0594,2025-04-02,Tablet,Electronics,Salem,4,10214,40856,Debit Card,April
R0595,2025-09-30,Smartphone,Electronics,Madurai,3,13783,41349,Cash,September
R0596,2025-09-07,Smartphone,Electronics,Madurai,1,45195,45195,UPI,September
R0597,2025-10-11,Tablet,Electronics,Salem,5,19451,97255,UPI,October
R0598,2025-05-27,Mouse,Accessories,Madurai,4,26985,107940,UPI,May
R0599,2025-06-22,Smartphone,Electronics,Trichy,3,26921,80763,Credit Card,June
R0600,2025-01-05,Mouse,Accessories,Chennai,3,26586,79758,Cash,January
R0601,2025-01-12,Keyboard,Accessories,Chennai,1,1057,1057,Debit Card,January
R0602,2025-11-04,Headphones,Accessories,Coimbatore,2,39135,78270,Cash,November
R0603,2025-08-04,Monitor,Electronics,Madurai,3,28564,85692,Debit Card,August
R0604,2025-06-28,Printer,Electronics,Salem,3,37093,111279,Credit Card,June
R0605,2025-06-24,Smartphone,Electronics,Trichy,4,18854,75416,Debit Card,June
R0606,2025-04-26,Headphones,Accessories,Salem,1,35131,35131,UPI,April
R0607,2025-12-18,Laptop,Electronics,Madurai,1,15572,15572,Debit Card,December
R0608,2025-11-21,Monitor,Electronics,Salem,3,2990,8970,Debit Card,November
R0609,2025-01-22,Tablet,Electronics,Salem,2,27603,55206,Credit Card,January
R0610,2025-11-16,Headphones,Accessories,Salem,2,22813,45626,Cash,November
R0611,2025-02-04,Smartphone,Electronics,Chennai,1,53387,53387,Credit Card,February
R0612,2025-09-21,Headphones,Accessories,Coimbatore,3,57189,171567,UPI,September
R0613,2025-10-19,Smartwatch,Wearables,Chennai,3,1588,4764,UPI,October
R0614,2025-08-20,Laptop,Electronics,Salem,5,21120,105600,Cash,August
R0615,2025-02-04,Printer,Electronics,Coimbatore,1,20631,20631,Debit Card,February
R0616,2025-09-17,Smartwatch,Wearables,Madurai,1,21781,21781,Debit Card,September
R0617,2025-07-07,Smartwatch,Wearables,Salem,3,42369,127107,UPI,July
R0618,2025-03-24,Smartphone,Electronics,Madurai,5,28720,143600,Credit Card,March
R0619,2025-08-22,Smartphone,Electronics,Trichy,1,12949,12949,Cash,August
R0620,2025-01-13,Monitor,Electronics,Trichy,4,39733,158932,Credit Card,January
R0621,2025-08-03,Tablet,Electronics,Madurai,3,3451,10353,Credit Card,August
R0622,2025-11-17,Tablet,Electronics,Chennai,5,28954,144770,UPI,November
R0623,2025-02-22,Mouse,Accessories,Madurai,5,34824,174120,UPI,February
R0624,2025-01-23,Printer,Electronics,Coimbatore,1,17066,17066,Credit Card,January
R0625,2025-06-09,Keyboard,Accessories,Coimbatore,4,25735,102940,Credit Card,June
R0626,2025-02-22,Smartphone,Electronics,Trichy,4,16737,66948,UPI,February
R0627,2025-04-29,Tablet,Electronics,Coimbatore,2,9727,19454,Credit Card,April
R0628,2025-03-16,Smartwatch,Wearables,Chennai,2,49266,98532,Cash,March
R0629,2025-08-29,Laptop,Electronics,Coimbatore,1,54738,54738,UPI,August
R0630,2025-08-02,USB Drive,Accessories,Chennai,2,3667,7334,Debit Card,August
R0631,2025-11-21,Smartwatch,Wearables,Trichy,2,14587,29174,UPI,November
R0632,2025-05-27,Printer,Electronics,Chennai,1,6238,6238,Debit Card,May
R0633,2025-04-10,Smartphone,Electronics,Coimbatore,4,6071,24284,Debit Card,April
R0634,2025-06-26,Headphones,Accessories,Trichy,5,26182,130910,Debit Card,June
R0635,2025-08-06,Mouse,Accessories,Salem,1,32941,32941,UPI,August
R0636,2025-01-23,Printer,Electronics,Salem,2,6818,13636,UPI,January
R0637,2025-12-30,Mouse,Accessories,Madurai,1,53259,53259,UPI,December
R0638,2025-07-20,Keyboard,Accessories,Salem,1,10321,10321,Cash,July
R0639,2025-10-25,Headphones,Accessories,Chennai,3,1816,5448,UPI,October
R0640,2025-02-10,Monitor,Electronics,Madurai,4,26099,104396,Debit Card,February
R0641,2025-12-27,Smartphone,Electronics,Trichy,3,5855,17565,Debit Card,December
R0642,2025-08-17,Printer,Electronics,Salem,5,2757,13785,Cash,August
R0643,2025-06-15,Smartphone,Electronics,Madurai,1,21308,21308,Credit Card,June
R0644,2025-04-19,Smartwatch,Wearables,Salem,1,28247,28247,UPI,April
R0645,2025-09-21,Smartphone,Electronics,Trichy,1,18635,18635,Credit Card,September
R0646,2025-05-29,Headphones,Accessories,Trichy,4,56121,224484,Cash,May
R0647,2025-01-21,Monitor,Electronics,Trichy,1,9047,9047,Debit Card,January
R0648,2025-02-18,Headphones,Accessories,Coimbatore,5,7980,39900,UPI,February
R0649,2025-06-14,Mouse,Accessories,Coimbatore,2,28672,57344,Credit Card,June
R0650,2025-05-18,Laptop,Electronics,Madurai,4,37761,151044,UPI,May
R0651,2025-01-24,Headphones,Accessories,Salem,1,36521,36521,Debit Card,January
R0652,2025-07-07,Printer,Electronics,Coimbatore,4,1901,7604,Credit Card,July
R0653,2025-06-05,Laptop,Electronics,Chennai,4,37482,149928,Cash,June
R0654,2025-06-30,USB Drive,Accessories,Coimbatore,4,4366,17464,Debit Card,June
R0655,2025-05-14,Printer,Electronics,Salem,2,30616,61232,UPI,May
R0656,2025-09-01,Laptop,Electronics,Chennai,2,52218,104436,Credit Card,September
R0657,2025-05-15,Mouse,Accessories,Trichy,4,50624,202496,Debit Card,May
R0658,2025-11-27,Headphones,Accessories,Chennai,1,51859,51859,Debit Card,November
R0659,2025-02-28,Printer,Electronics,Trichy,5,44745,223725,Cash,February
R0660,2025-06-06,Headphones,Accessories,Coimbatore,5,41948,209740,Credit Card,June
R0661,2025-01-04,Tablet,Electronics,Coimbatore,4,59085,236340,Cash,January
R0662,2025-04-06,Printer,Electronics,Trichy,5,26923,134615,Credit Card,April
R0663,2025-02-28,Monitor,Electronics,Coimbatore,1,43012,43012,Cash,February
R0664,2025-01-26,Tablet,Electronics,Chennai,2,12204,24408,Credit Card,January
R0665,2025-06-30,Headphones,Accessories,Trichy,3,41920,125760,Debit Card,June
R0666,2025-02-21,Laptop,Electronics,Trichy,1,32930,32930,UPI,February
R0667,2025-08-29,Printer,Electronics,Coimbatore,2,11533,23066,UPI,August
R0668,2025-09-05,Keyboard,Accessories,Chennai,4,47964,191856,Credit Card,September
R0669,2025-01-15,Monitor,Electronics,Salem,3,45269,135807,Credit Card,January
R0670,2025-10-21,Mouse,Accessories,Coimbatore,5,57209,286045,Credit Card,October
R0671,2025-08-10,USB Drive,Accessories,Madurai,5,44754,223770,Credit Card,August
R0672,2025-08-23,Monitor,Electronics,Trichy,5,44027,220135,UPI,August
R0673,2025-02-19,Laptop,Electronics,Madurai,3,27456,82368,Debit Card,February
R0674,2025-03-09,Monitor,Electronics,Madurai,1,47875,47875,Cash,March
R0675,2025-11-28,Smartwatch,Wearables,Madurai,3,15949,47847,UPI,November
R0676,2025-11-07,Printer,Electronics,Coimbatore,2,40454,80908,Credit Card,November
R0677,2025-10-12,Monitor,Electronics,Madurai,4,1119,4476,UPI,October
R0678,2025-10-26,Smartphone,Electronics,Salem,1,29790,29790,Cash,October
R0679,2025-01-08,Smartphone,Electronics,Salem,2,5866,11732,Credit Card,January
R0680,2025-04-04,Smartwatch,Wearables,Chennai,4,46050,184200,Debit Card,April
R0681,2025-03-25,Tablet,Electronics,Coimbatore,1,45742,45742,Credit Card,March
R0682,2025-03-15,Monitor,Electronics,Trichy,4,12924,51696,UPI,March
R0683,2025-08-04,USB Drive,Accessories,Coimbatore,3,25032,75096,Cash,August
R0684,2025-04-01,Smartwatch,Wearables,Salem,2,20522,41044,Debit Card,April
R0685,2025-12-30,Printer,Electronics,Salem,5,40886,204430,UPI,December
R0686,2025-09-05,USB Drive,Accessories,Madurai,4,24316,97264,Credit Card,September
R0687,2025-03-30,Headphones,Accessories,Salem,1,20627,20627,Debit Card,March
R0688,2025-04-27,Laptop,Electronics,Madurai,3,9671,29013,Debit Card,April
R0689,2025-07-25,Laptop,Electronics,Chennai,3,20813,62439,Credit Card,July
R0690,2025-06-30,Keyboard,Accessories,Madurai,5,10695,53475,Credit Card,June
R0691,2025-09-14,Keyboard,Accessories,Coimbatore,1,51813,51813,Credit Card,September
R0692,2025-09-23,Keyboard,Accessories,Madurai,4,33098,132392,Debit Card,September
R0693,2025-07-12,Printer,Electronics,Chennai,1,47480,47480,Credit Card,July
R0694,2025-08-09,Smartphone,Electronics,Trichy,5,27036,135180,UPI,August
R0695,2025-04-09,Smartwatch,Wearables,Trichy,3,50312,150936,Credit Card,April
R0696,2025-07-07,Headphones,Accessories,Coimbatore,3,1632,4896,Cash,July
R0697,2025-05-12,Mouse,Accessories,Coimbatore,5,5057,25285,Cash,May
R0698,2025-08-09,Smartphone,Electronics,Chennai,4,36448,145792,Cash,August
R0699,2025-11-20,Headphones,Accessories,Coimbatore,4,45025,180100,Debit Card,November
R0700,2025-07-14,Headphones,Accessories,Madurai,5,47476,237380,Cash,July
R0701,2025-01-24,Keyboard,Accessories,Coimbatore,2,47568,95136,Cash,January
R0702,2025-06-30,Headphones,Accessories,Trichy,2,57772,115544,Debit Card,June
R0703,2025-06-18,Mouse,Accessories,Chennai,5,57649,288245,UPI,June
R0704,2025-11-22,Printer,Electronics,Salem,4,15401,61604,UPI,November
R0705,2025-07-31,USB Drive,Accessories,Madurai,5,12080,60400,Cash,July
R0706,2025-11-28,Headphones,Accessories,Madurai,4,12751,51004,Debit Card,November
R0707,2025-12-09,Keyboard,Accessories,Coimbatore,1,27064,27064,Credit Card,December
R0708,2025-07-25,Mouse,Accessories,Chennai,1,26211,26211,Credit Card,July
R0709,2025-01-16,Monitor,Electronics,Salem,4,45082,180328,Credit Card,January
R0710,2025-02-28,Mouse,Accessories,Coimbatore,1,58115,58115,Credit Card,February
R0711,2025-05-19,Smartphone,Electronics,Coimbatore,1,9668,9668,Credit Card,May
R0712,2025-02-17,Printer,Electronics,Trichy,1,28983,28983,Debit Card,February
R0713,2025-12-23,Printer,Electronics,Chennai,3,11656,34968,UPI,December
R0714,2025-03-22,Printer,Electronics,Chennai,3,12567,37701,Debit Card,March
R0715,2025-09-28,Smartwatch,Wearables,Madurai,2,21083,42166,Credit Card,September
R0716,2025-05-06,Laptop,Electronics,Chennai,2,33434,66868,UPI,May
R0717,2025-03-14,Smartphone,Electronics,Salem,3,1180,3540,Credit Card,March
R0718,2025-09-02,Monitor,Electronics,Madurai,4,42791,171164,UPI,September
R0719,2025-06-24,Laptop,Electronics,Salem,4,18787,75148,Debit Card,June
R0720,2025-09-28,Laptop,Electronics,Trichy,1,40374,40374,Cash,September
R0721,2025-12-05,Keyboard,Accessories,Madurai,2,41828,83656,Cash,December
R0722,2025-09-27,Headphones,Accessories,Coimbatore,2,26900,53800,UPI,September
R0723,2025-11-11,Tablet,Electronics,Salem,4,23755,95020,Debit Card,November
R0724,2025-06-17,Monitor,Electronics,Madurai,1,17876,17876,UPI,June
R0725,2025-12-02,Laptop,Electronics,Salem,5,39694,198470,Cash,December
R0726,2025-03-21,Headphones,Accessories,Madurai,3,36031,108093,Debit Card,March
R0727,2025-04-05,USB Drive,Accessories,Trichy,1,4231,4231,Cash,April
R0728,2025-11-09,Tablet,Electronics,Salem,2,19977,39954,Cash,November
R0729,2025-09-29,Tablet,Electronics,Madurai,3,12389,37167,Debit Card,September
R0730,2025-11-24,Smartphone,Electronics,Trichy,4,37827,151308,UPI,November
R0731,2025-02-22,Laptop,Electronics,Madurai,4,20081,80324,UPI,February
R0732,2025-02-26,Laptop,Electronics,Trichy,1,58360,58360,Credit Card,February
R0733,2025-11-14,Mouse,Accessories,Coimbatore,3,19988,59964,Cash,November
R0734,2025-07-16,Printer,Electronics,Madurai,3,21705,65115,Credit Card,July
R0735,2025-05-21,Tablet,Electronics,Trichy,4,39700,158800,Credit Card,May
R0736,2025-11-06,Tablet,Electronics,Salem,3,25203,75609,Cash,November
R0737,2025-12-04,Keyboard,Accessories,Coimbatore,5,55563,277815,UPI,December
R0738,2025-06-06,Printer,Electronics,Coimbatore,2,55345,110690,UPI,June
R0739,2025-11-14,Smartphone,Electronics,Chennai,2,30520,61040,UPI,November
R0740,2025-08-07,Smartphone,Electronics,Chennai,2,14756,29512,Cash,August
R0741,2025-04-08,Tablet,Electronics,Chennai,3,46333,138999,Debit Card,April
R0742,2025-06-15,Smartphone,Electronics,Coimbatore,4,11325,45300,Debit Card,June
R0743,2025-08-18,Tablet,Electronics,Trichy,3,29840,89520,Debit Card,August
R0744,2025-11-18,Printer,Electronics,Salem,4,29767,119068,Credit Card,November
R0745,2025-10-10,Monitor,Electronics,Coimbatore,3,35010,105030,UPI,October
R0746,2025-02-28,Laptop,Electronics,Trichy,1,37463,37463,Credit Card,February
R0747,2025-06-03,Keyboard,Accessories,Chennai,1,3142,3142,Credit Card,June
R0748,2025-02-17,Mouse,Accessories,Salem,3,38025,114075,Debit Card,February
R0749,2025-01-25,Smartwatch,Wearables,Salem,4,58453,233812,Cash,January
R0750,2025-03-09,Laptop,Electronics,Chennai,1,37664,37664,UPI,March
R0751,2025-05-18,Keyboard,Accessories,Trichy,3,2420,7260,UPI,May
R0752,2025-10-10,USB Drive,Accessories,Coimbatore,1,38205,38205,Debit Card,October
R0753,2025-05-07,Keyboard,Accessories,Chennai,3,51016,153048,Cash,May
R0754,2025-03-14,Keyboard,Accessories,Madurai,5,2926,14630,Credit Card,March
R0755,2025-02-12,Headphones,Accessories,Chennai,4,45316,181264,UPI,February
R0756,2025-06-17,USB Drive,Accessories,Chennai,2,10951,21902,UPI,June
R0757,2025-03-04,Tablet,Electronics,Chennai,4,54818,219272,UPI,March
R0758,2025-10-17,Mouse,Accessories,Madurai,3,5539,16617,UPI,October
R0759,2025-11-10,Smartphone,Electronics,Chennai,3,53553,160659,Debit Card,November
R0760,2025-02-07,Smartphone,Electronics,Madurai,2,1861,3722,Cash,February
R0761,2025-12-24,Smartwatch,Wearables,Chennai,3,35261,105783,Debit Card,December
R0762,2025-09-21,Smartwatch,Wearables,Madurai,3,45281,135843,Credit Card,September
R0763,2025-04-17,USB Drive,Accessories,Chennai,1,24124,24124,Debit Card,April
R0764,2025-12-19,Laptop,Electronics,Salem,4,44303,177212,UPI,December
R0765,2025-02-27,Smartphone,Electronics,Madurai,3,36085,108255,Debit Card,February
R0766,2025-04-24,Monitor,Electronics,Trichy,2,50331,100662,Debit Card,April
R0767,2025-12-20,Mouse,Accessories,Madurai,4,8197,32788,Credit Card,December
R0768,2025-08-02,Printer,Electronics,Salem,5,23799,118995,Debit Card,August
R0769,2025-07-26,Monitor,Electronics,Chennai,4,32207,128828,Debit Card,July
R0770,2025-04-12,Headphones,Accessories,Salem,2,41580,83160,Cash,April
R0771,2025-12-14,Mouse,Accessories,Salem,1,36029,36029,Credit Card,December
R0772,2025-10-30,Tablet,Electronics,Trichy,3,35936,107808,Debit Card,October
R0773,2025-05-09,Headphones,Accessories,Trichy,4,12856,51424,Cash,May
R0774,2025-06-02,Smartwatch,Wearables,Salem,2,4106,8212,UPI,June
R0775,2025-06-02,USB Drive,Accessories,Salem,4,4427,17708,Debit Card,June
R0776,2025-04-20,Tablet,Electronics,Coimbatore,5,26647,133235,UPI,April
R0777,2025-12-02,USB Drive,Accessories,Chennai,2,19738,39476,UPI,December
R0778,2025-01-06,Mouse,Accessories,Madurai,5,636,3180,UPI,January
R0779,2025-09-18,Headphones,Accessories,Coimbatore,1,27753,27753,Debit Card,September
R0780,2025-11-09,Laptop,Electronics,Chennai,4,25027,100108,UPI,November
R0781,2025-02-15,Mouse,Accessories,Trichy,5,23699,118495,Debit Card,February
R0782,2025-09-04,Tablet,Electronics,Salem,5,6020,30100,Credit Card,September
R0783,2025-04-04,Mouse,Accessories,Chennai,4,44549,178196,Credit Card,April
R0784,2025-05-02,Laptop,Electronics,Coimbatore,3,31635,94905,Debit Card,May
R0785,2025-07-20,Headphones,Accessories,Coimbatore,4,29845,119380,Cash,July
R0786,2025-06-01,Tablet,Electronics,Madurai,3,47721,143163,UPI,June
R0787,2025-01-19,Printer,Electronics,Madurai,1,19889,19889,Credit Card,January
R0788,2025-12-20,Smartwatch,Wearables,Madurai,2,9140,18280,UPI,December
R0789,2025-04-03,Monitor,Electronics,Salem,1,44437,44437,Cash,April
R0790,2025-11-13,Laptop,Electronics,Salem,5,5427,27135,Debit Card,November
R0791,2025-03-12,Smartwatch,Wearables,Salem,2,6660,13320,UPI,March
R0792,2025-01-07,USB Drive,Accessories,Coimbatore,1,16310,16310,UPI,January
R0793,2025-08-29,Tablet,Electronics,Chennai,5,692,3460,Debit Card,August
R0794,2025-07-26,Printer,Electronics,Salem,3,51440,154320,UPI,July
R0795,2025-01-25,USB Drive,Accessories,Trichy,4,9859,39436,UPI,January
R0796,2025-03-27,Smartwatch,Wearables,Chennai,1,56912,56912,Debit Card,March
R0797,2025-07-25,Headphones,Accessories,Salem,1,30394,30394,Debit Card,July
R0798,2025-09-28,Headphones,Accessories,Madurai,2,53660,107320,Debit Card,September
R0799,2025-05-26,Mouse,Accessories,Madurai,1,42715,42715,Cash,May
R0800,2025-07-04,Smartphone,Electronics,Trichy,4,27874,111496,Debit Card,July
R0801,2025-06-22,Keyboard,Accessories,Coimbatore,1,11812,11812,Credit Card,June
R0802,2025-08-09,Monitor,Electronics,Madurai,4,22963,91852,Credit Card,August
R0803,2025-07-01,Headphones,Accessories,Madurai,3,49654,148962,Debit Card,July
R0804,2025-11-27,Keyboard,Accessories,Coimbatore,3,24623,73869,Debit Card,November
R0805,2025-12-14,Smartphone,Electronics,Trichy,1,48508,48508,Credit Card,December
R0806,2025-05-16,Smartwatch,Wearables,Chennai,1,27031,27031,Credit Card,May
R0807,2025-11-14,USB Drive,Accessories,Coimbatore,5,3939,19695,Cash,November
R0808,2025-07-11,Laptop,Electronics,Trichy,3,54982,164946,UPI,July
R0809,2025-08-08,Tablet,Electronics,Salem,4,59132,236528,Credit Card,August
R0810,2025-03-05,Laptop,Electronics,Coimbatore,3,51464,154392,Cash,March
R0811,2025-03-03,USB Drive,Accessories,Coimbatore,5,22760,113800,Cash,March
R0812,2025-09-24,USB Drive,Accessories,Madurai,5,52992,264960,UPI,September
R0813,2025-04-04,Smartwatch,Wearables,Trichy,5,34222,171110,Credit Card,April
R0814,2025-06-27,Laptop,Electronics,Trichy,2,19445,38890,Debit Card,June
R0815,2025-08-12,USB Drive,Accessories,Chennai,2,7985,15970,Cash,August
R0816,2025-07-14,Monitor,Electronics,Madurai,1,37602,37602,Credit Card,July
R0817,2025-06-05,Laptop,Electronics,Salem,5,22995,114975,Credit Card,June
R0818,2025-07-26,Keyboard,Accessories,Trichy,2,52698,105396,Cash,July
R0819,2025-12-23,Tablet,Electronics,Trichy,4,49645,198580,Cash,December
R0820,2025-09-14,Laptop,Electronics,Salem,4,29563,118252,Debit Card,September
R0821,2025-04-06,Monitor,Electronics,Madurai,5,21384,106920,Debit Card,April
R0822,2025-10-29,Mouse,Accessories,Coimbatore,4,36459,145836,Cash,October
R0823,2025-07-06,Monitor,Electronics,Salem,1,2603,2603,Debit Card,July
R0824,2025-09-15,Smartwatch,Wearables,Madurai,5,29401,147005,UPI,September
R0825,2025-02-07,Monitor,Electronics,Madurai,5,45299,226495,Cash,February
R0826,2025-12-13,USB Drive,Accessories,Madurai,3,37728,113184,Debit Card,December
R0827,2025-07-06,Laptop,Electronics,Salem,3,46567,139701,Debit Card,July
R0828,2025-10-31,Monitor,Electronics,Salem,3,49553,148659,Debit Card,October
R0829,2025-12-22,Monitor,Electronics,Madurai,2,53156,106312,Credit Card,December
R0830,2025-07-16,Headphones,Accessories,Salem,3,46787,140361,UPI,July
R0831,2025-03-09,USB Drive,Accessories,Salem,3,11276,33828,UPI,March
R0832,2025-03-15,Headphones,Accessories,Salem,3,36789,110367,Debit Card,March
R0833,2025-07-30,Printer,Electronics,Madurai,4,48675,194700,Credit Card,July
R0834,2025-07-10,Smartphone,Electronics,Madurai,4,57528,230112,UPI,July
R0835,2025-02-19,Headphones,Accessories,Trichy,5,36095,180475,Credit Card,February
R0836,2025-06-15,Laptop,Electronics,Chennai,2,53191,106382,Credit Card,June
R0837,2025-07-01,Smartphone,Electronics,Coimbatore,3,47146,141438,Cash,July
R0838,2025-05-13,Tablet,Electronics,Chennai,3,26015,78045,Debit Card,May
R0839,2025-12-05,Printer,Electronics,Chennai,1,30377,30377,Cash,December
R0840,2025-05-23,Tablet,Electronics,Trichy,4,39604,158416,Credit Card,May
R0841,2025-07-28,Monitor,Electronics,Salem,2,23970,47940,Credit Card,July
R0842,2025-04-22,Smartphone,Electronics,Chennai,4,5029,20116,Debit Card,April
R0843,2025-06-15,Smartwatch,Wearables,Madurai,4,57041,228164,Cash,June
R0844,2025-01-13,Smartwatch,Wearables,Salem,2,5713,11426,Credit Card,January
R0845,2025-11-18,Mouse,Accessories,Trichy,1,19673,19673,Credit Card,November
R0846,2025-12-30,USB Drive,Accessories,Madurai,3,25019,75057,Credit Card,December
R0847,2025-07-28,Keyboard,Accessories,Trichy,5,45851,229255,Cash,July
R0848,2025-02-14,Tablet,Electronics,Madurai,3,19450,58350,Debit Card,February
R0849,2025-03-29,Smartwatch,Wearables,Chennai,3,40650,121950,Debit Card,March
R0850,2025-08-22,Headphones,Accessories,Chennai,4,43288,173152,Debit Card,August
R0851,2025-07-26,Tablet,Electronics,Salem,1,57083,57083,Credit Card,July
R0852,2025-09-25,Keyboard,Accessories,Chennai,4,6250,25000,UPI,September
R0853,2025-01-11,USB Drive,Accessories,Coimbatore,5,22918,114590,Credit Card,January
R0854,2025-10-17,Tablet,Electronics,Madurai,4,52269,209076,Cash,October
R0855,2025-02-21,Smartphone,Electronics,Salem,2,32147,64294,Cash,February
R0856,2025-10-23,Headphones,Accessories,Trichy,5,27116,135580,Cash,October
R0857,2025-07-11,Tablet,Electronics,Salem,3,25185,75555,Credit Card,July
R0858,2025-02-08,Smartwatch,Wearables,Trichy,4,17533,70132,UPI,February
R0859,2025-02-05,Keyboard,Accessories,Salem,5,17920,89600,Credit Card,February
R0860,2025-12-04,Monitor,Electronics,Coimbatore,4,44754,179016,Debit Card,December
R0861,2025-10-29,Tablet,Electronics,Salem,3,35279,105837,Cash,October
R0862,2025-05-08,Monitor,Electronics,Madurai,2,1947,3894,Cash,May
R0863,2025-09-04,Tablet,Electronics,Coimbatore,1,20020,20020,UPI,September
R0864,2025-07-03,Tablet,Electronics,Coimbatore,2,55976,111952,UPI,July
R0865,2025-06-25,Monitor,Electronics,Coimbatore,5,5708,28540,Debit Card,June
R0866,2025-04-16,Smartwatch,Wearables,Salem,1,22402,22402,UPI,April
R0867,2025-03-23,Printer,Electronics,Salem,4,28878,115512,Cash,March
R0868,2025-02-07,Printer,Electronics,Madurai,4,49055,196220,Cash,February
R0869,2025-02-17,Tablet,Electronics,Coimbatore,1,33494,33494,Cash,February
R0870,2025-12-11,Tablet,Electronics,Salem,4,33454,133816,UPI,December
R0871,2025-03-18,Laptop,Electronics,Chennai,1,1752,1752,Cash,March
R0872,2025-02-08,USB Drive,Accessories,Chennai,4,23023,92092,UPI,February
R0873,2025-08-10,Monitor,Electronics,Madurai,4,16936,67744,Cash,August
R0874,2025-08-14,Headphones,Accessories,Salem,5,7401,37005,Credit Card,August
R0875,2025-07-25,Smartwatch,Wearables,Madurai,1,59897,59897,Credit Card,July
R0876,2025-06-26,Headphones,Accessories,Madurai,3,7743,23229,Debit Card,June
R0877,2025-05-07,Mouse,Accessories,Chennai,4,20300,81200,Debit Card,May
R0878,2025-01-13,Mouse,Accessories,Salem,2,47175,94350,Debit Card,January
R0879,2025-10-03,USB Drive,Accessories,Trichy,2,8612,17224,UPI,October
R0880,2025-09-30,Laptop,Electronics,Coimbatore,4,46036,184144,Cash,September
R0881,2025-10-06,Smartphone,Electronics,Madurai,3,21088,63264,Credit Card,October
R0882,2025-06-05,Tablet,Electronics,Chennai,5,26596,132980,UPI,June
R0883,2025-07-29,Tablet,Electronics,Chennai,2,11497,22994,Credit Card,July
R0884,2025-08-09,Tablet,Electronics,Coimbatore,5,40019,200095,UPI,August
R0885,2025-02-24,Mouse,Accessories,Chennai,5,51299,256495,Cash,February
R0886,2025-07-20,Headphones,Accessories,Trichy,4,17026,68104,Credit Card,July
R0887,2025-11-09,Mouse,Accessories,Trichy,4,56721,226884,UPI,November
R0888,2025-08-15,Monitor,Electronics,Madurai,1,9759,9759,Credit Card,August
R0889,2025-08-25,Printer,Electronics,Chennai,4,18388,73552,UPI,August
R0890,2025-09-25,Smartwatch,Wearables,Chennai,3,16049,48147,Debit Card,September
R0891,2025-05-19,Smartwatch,Wearables,Madurai,2,16561,33122,Debit Card,May
R0892,2025-08-09,Laptop,Electronics,Salem,1,43923,43923,UPI,August
R0893,2025-07-11,Smartwatch,Wearables,Madurai,2,46169,92338,Credit Card,July
R0894,2025-08-15,Smartwatch,Wearables,Madurai,1,43428,43428,Debit Card,August
R0895,2025-04-25,Smartwatch,Wearables,Coimbatore,1,28296,28296,Debit Card,April
R0896,2025-06-05,Smartwatch,Wearables,Madurai,3,42330,126990,UPI,June
R0897,2025-01-28,Monitor,Electronics,Coimbatore,3,15019,45057,Credit Card,January
R0898,2025-09-01,Tablet,Electronics,Trichy,5,57190,285950,Credit Card,September
R0899,2025-02-27,USB Drive,Accessories,Salem,1,12439,12439,Cash,February
R0900,2025-08-16,USB Drive,Accessories,Trichy,1,36444,36444,Credit Card,August
R0901,2025-12-21,Headphones,Accessories,Madurai,2,31471,62942,Cash,December
R0902,2025-10-31,Laptop,Electronics,Chennai,2,12997,25994,Debit Card,October
R0903,2025-05-17,Smartwatch,Wearables,Trichy,2,48503,97006,Debit Card,May
R0904,2025-10-17,Smartwatch,Wearables,Madurai,5,58380,291900,Credit Card,October
R0905,2025-10-09,Smartwatch,Wearables,Trichy,2,50748,101496,Cash,October
R0906,2025-11-19,Smartwatch,Wearables,Salem,2,32454,64908,Debit Card,November
R0907,2025-04-23,USB Drive,Accessories,Madurai,3,11203,33609,Cash,April
R0908,2025-10-09,Printer,Electronics,Coimbatore,5,32799,163995,Debit Card,October
R0909,2025-05-12,Smartphone,Electronics,Chennai,4,12927,51708,Credit Card,May
R0910,2025-05-29,Printer,Electronics,Chennai,2,5265,10530,Cash,May
R0911,2025-10-21,Laptop,Electronics,Salem,4,12489,49956,Debit Card,October
R0912,2025-10-29,USB Drive,Accessories,Chennai,2,19809,39618,UPI,October
R0913,2025-03-11,Smartwatch,Wearables,Chennai,1,16760,16760,Debit Card,March
R0914,2025-01-18,Tablet,Electronics,Salem,4,49742,198968,Cash,January
R0915,2025-05-18,Headphones,Accessories,Chennai,3,57061,171183,Cash,May
R0916,2025-07-11,Laptop,Electronics,Salem,3,5168,15504,Credit Card,July
R0917,2025-08-25,Mouse,Accessories,Salem,5,47659,238295,UPI,August
R0918,2025-12-26,Printer,Electronics,Trichy,3,30709,92127,Debit Card,December
R0919,2025-08-08,Tablet,Electronics,Coimbatore,2,11456,22912,Credit Card,August
R0920,2025-07-03,Printer,Electronics,Coimbatore,2,22984,45968,Debit Card,July
R0921,2025-10-05,Keyboard,Accessories,Salem,1,43071,43071,Debit Card,October
R0922,2025-07-10,Laptop,Electronics,Coimbatore,1,29932,29932,Credit Card,July
R0923,2025-07-28,USB Drive,Accessories,Madurai,5,5954,29770,UPI,July
R0924,2025-03-31,Smartwatch,Wearables,Salem,1,37892,37892,UPI,March
R0925,2025-03-19,Monitor,Electronics,Salem,1,54243,54243,Credit Card,March
R0926,2025-11-06,Headphones,Accessories,Salem,5,46210,231050,Debit Card,November
R0927,2025-06-12,Laptop,Electronics,Trichy,5,34283,171415,Credit Card,June
R0928,2025-08-05,Mouse,Accessories,Coimbatore,2,57636,115272,Credit Card,August
R0929,2025-07-17,Mouse,Accessories,Madurai,2,12295,24590,Cash,July
R0930,2025-09-30,Smartphone,Electronics,Chennai,2,10103,20206,Credit Card,September
R0931,2025-01-19,Tablet,Electronics,Madurai,4,44394,177576,Debit Card,January
R0932,2025-04-10,Headphones,Accessories,Madurai,1,52118,52118,Cash,April
R0933,2025-11-13,USB Drive,Accessories,Salem,4,18779,75116,UPI,November
R0934,2025-03-06,Tablet,Electronics,Madurai,3,50725,152175,Cash,March
R0935,2025-05-08,Keyboard,Accessories,Salem,5,48429,242145,Cash,May
R0936,2025-08-08,Keyboard,Accessories,Trichy,3,47299,141897,UPI,August
R0937,2025-08-25,USB Drive,Accessories,Coimbatore,4,49491,197964,Debit Card,August
R0938,2025-02-14,Headphones,Accessories,Coimbatore,3,15036,45108,Cash,February
R0939,2025-04-13,Tablet,Electronics,Coimbatore,4,35686,142744,UPI,April
R0940,2025-08-18,Printer,Electronics,Coimbatore,3,19729,59187,Credit Card,August
R0941,2025-03-01,Mouse,Accessories,Coimbatore,5,27856,139280,Debit Card,March
R0942,2025-05-02,Tablet,Electronics,Salem,5,11089,55445,Credit Card,May
R0943,2025-01-06,Keyboard,Accessories,Coimbatore,5,28042,140210,Credit Card,January
R0944,2025-08-17,Smartwatch,Wearables,Coimbatore,2,50259,100518,Cash,August
R0945,2025-11-19,Monitor,Electronics,Coimbatore,3,13234,39702,Debit Card,November
R0946,2025-12-03,Laptop,Electronics,Chennai,4,21938,87752,Debit Card,December
R0947,2025-07-12,Mouse,Accessories,Trichy,3,40969,122907,Credit Card,July
R0948,2025-09-08,Tablet,Electronics,Coimbatore,3,50624,151872,Debit Card,September
R0949,2025-03-28,Printer,Electronics,Chennai,4,2623,10492,Credit Card,March
R0950,2025-11-25,Laptop,Electronics,Coimbatore,3,32476,97428,Debit Card,November
R0951,2025-08-03,Mouse,Accessories,Chennai,4,46835,187340,Cash,August
R0952,2025-01-25,Smartphone,Electronics,Coimbatore,5,24299,121495,Credit Card,January
R0953,2025-11-10,USB Drive,Accessories,Chennai,1,28641,28641,UPI,November
R0954,2025-08-14,Headphones,Accessories,Coimbatore,4,27171,108684,Debit Card,August
R0955,2025-06-22,Mouse,Accessories,Chennai,5,40649,203245,Cash,June
R0956,2025-10-25,Smartphone,Electronics,Coimbatore,4,47724,190896,Credit Card,October
R0957,2025-07-06,Laptop,Electronics,Coimbatore,3,51205,153615,Cash,July
R0958,2025-08-27,Monitor,Electronics,Coimbatore,1,14175,14175,Cash,August
R0959,2025-11-11,Keyboard,Accessories,Madurai,2,49101,98202,Debit Card,November
R0960,2025-05-21,Smartwatch,Wearables,Madurai,4,18943,75772,UPI,May
R0961,2025-11-21,Laptop,Electronics,Coimbatore,4,25595,102380,Cash,November
R0962,2025-12-15,Keyboard,Accessories,Trichy,4,29801,119204,UPI,December
R0963,2025-06-29,Tablet,Electronics,Trichy,2,1594,3188,UPI,June
R0964,2025-08-16,Mouse,Accessories,Trichy,5,21174,105870,Debit Card,August
R0965,2025-06-14,USB Drive,Accessories,Madurai,5,53811,269055,Debit Card,June
R0966,2025-10-08,Keyboard,Accessories,Trichy,5,14471,72355,Credit Card,October
R0967,2025-12-22,Monitor,Electronics,Salem,2,40376,80752,Debit Card,December
R0968,2025-08-09,Tablet,Electronics,Trichy,2,42289,84578,Credit Card,August
R0969,2025-11-25,Keyboard,Accessories,Madurai,4,30562,122248,Debit Card,November
R0970,2025-12-01,Monitor,Electronics,Chennai,4,23266,93064,Cash,December
R0971,2025-12-04,Printer,Electronics,Salem,4,3621,14484,Cash,December
R0972,2025-10-05,Tablet,Electronics,Coimbatore,3,4248,12744,Cash,October
R0973,2025-05-17,Smartphone,Electronics,Coimbatore,5,55581,277905,Debit Card,May
R0974,2025-06-08,Tablet,Electronics,Madurai,4,1670,6680,UPI,June
R0975,2025-12-05,Mouse,Accessories,Salem,5,35730,178650,Cash,December
R0976,2025-05-18,Smartphone,Electronics,Coimbatore,3,51559,154677,Credit Card,May
R0977,2025-05-24,Smartwatch,Wearables,Salem,1,39251,39251,Debit Card,May
R0978,2025-12-07,Smartwatch,Wearables,Trichy,1,38270,38270,Debit Card,December
R0979,2025-04-05,USB Drive,Accessories,Chennai,2,58751,117502,UPI,April
R0980,2025-04-16,Laptop,Electronics,Coimbatore,4,22184,88736,Credit Card,April
R0981,2025-01-19,Smartwatch,Wearables,Coimbatore,4,58975,235900,Debit Card,January
R0982,2025-11-27,Smartwatch,Wearables,Salem,2,46750,93500,Debit Card,November
R0983,2025-07-01,Headphones,Accessories,Coimbatore,2,19726,39452,UPI,July
R0984,2025-01-30,Smartphone,Electronics,Trichy,4,15529,62116,Credit Card,January
R0985,2025-10-25,Printer,Electronics,Chennai,5,5373,26865,UPI,October
R0986,2025-02-11,Smartwatch,Wearables,Salem,1,59241,59241,Credit Card,February
R0987,2025-08-30,Monitor,Electronics,Madurai,1,21447,21447,Debit Card,August
R0988,2025-03-30,Printer,Electronics,Coimbatore,2,48787,97574,Cash,March
R0989,2025-12-12,Smartwatch,Wearables,Chennai,1,21567,21567,Credit Card,December
R0990,2025-10-03,Printer,Electronics,Trichy,2,22691,45382,Credit Card,October
R0991,2025-06-13,Laptop,Electronics,Madurai,3,16495,49485,Credit Card,June
R0992,2025-01-15,Printer,Electronics,Trichy,2,7952,15904,UPI,January
R0993,2025-10-07,Keyboard,Accessories,Salem,5,46426,232130,Credit Card,October
R0994,2025-06-11,Mouse,Accessories,Coimbatore,2,59595,119190,Cash,June
R0995,2025-01-22,Monitor,Electronics,Salem,4,59552,238208,Cash,January
R0996,2025-06-13,Smartwatch,Wearables,Trichy,1,42579,42579,Credit Card,June
R0997,2025-12-31,Monitor,Electronics,Madurai,3,17546,52638,Cash,December
R0998,2025-04-14,Mouse,Accessories,Madurai,4,11400,45600,Credit Card,April
R0999,2025-12-03,Tablet,Electronics,Salem,4,58755,235020,Debit Card,December
R1000,2025-11-06,Tablet,Electronics,Trichy,4,25756,103024,Credit Card,November
